Name,CreatedDate,CreatedBy.Name,LastModifiedDate,LastModifiedBy.Name,LengthWithoutComments
OrderPDFController,2025-03-18T21:50:19.000+0000,CAMBALACHE,2026-09-17T22:21:31.000+0000,SOPORTE TECHNOVALUE,4185
QuoteLineItemSorter,2026-08-27T04:20:59.000+0000,SOPORTE TECHNOVALUE,2026-09-02T21:25:40.000+0000,SOPORTE TECHNOVALUE,2575
OrderMacoLinesControllerTest,2025-01-29T12:47:42.000+0000,CAMBALACHE,2026-08-27T18:41:28.000+0000,SOPORTE TECHNOVALUE,4572
OrderMacoLinesController,2025-01-29T12:47:42.000+0000,CAMBALACHE,2026-08-27T18:41:28.000+0000,SOPORTE TECHNOVALUE,10897
SalesMacoSearchController,2025-01-29T12:47:42.000+0000,CAMBALACHE,2026-08-27T04:42:58.000+0000,SOPORTE TECHNOVALUE,7406
QuoteLineItemSorterTest,2026-08-27T04:21:00.000+0000,SOPORTE TECHNOVALUE,2026-08-27T04:21:00.000+0000,SOPORTE TECHNOVALUE,4075
QuoteLineItemCloner,2025-06-24T01:16:09.000+0000,CAMBALACHE,2026-08-27T03:10:16.000+0000,SOPORTE TECHNOVALUE,4496
QuoteMacoLinesController,2025-01-29T12:47:42.000+0000,CAMBALACHE,2026-08-27T03:10:16.000+0000,SOPORTE TECHNOVALUE,8345
OrderItemCloner,2025-06-24T01:33:00.000+0000,CAMBALACHE,2026-08-27T03:10:15.000+0000,SOPORTE TECHNOVALUE,3893
CrearPedidoEnZafiro,2025-01-29T12:34:29.000+0000,CAMBALACHE,2026-08-27T03:10:15.000+0000,SOPORTE TECHNOVALUE,5225
OrderQuoteQuickFilterController,2026-08-12T05:19:52.000+0000,SOPORTE TECHNOVALUE,2026-08-12T06:00:25.000+0000,SOPORTE TECHNOVALUE,13693
OrderQuoteQuickFilterControllerTest,2026-08-12T05:19:53.000+0000,SOPORTE TECHNOVALUE,2026-08-12T06:00:25.000+0000,SOPORTE TECHNOVALUE,6299
QuoteMacoLinesControllerTest,2025-01-29T12:47:42.000+0000,CAMBALACHE,2026-08-12T04:49:44.000+0000,SOPORTE TECHNOVALUE,5629
CreditoClienteControllerTest,2026-08-12T04:49:44.000+0000,SOPORTE TECHNOVALUE,2026-08-12T04:49:44.000+0000,SOPORTE TECHNOVALUE,1847
CreditoClienteController,2026-08-12T04:49:43.000+0000,SOPORTE TECHNOVALUE,2026-08-12T04:49:43.000+0000,SOPORTE TECHNOVALUE,1618
WarehouseDefaultHelper,2026-08-12T04:17:12.000+0000,SOPORTE TECHNOVALUE,2026-08-12T04:17:12.000+0000,SOPORTE TECHNOVALUE,2647
SalesMacoSearchControllerTest,2025-01-29T12:47:42.000+0000,CAMBALACHE,2026-08-12T04:17:12.000+0000,SOPORTE TECHNOVALUE,3462
QuoteTriggerHandler,2025-07-10T14:45:23.000+0000,CAMBALACHE,2026-08-12T04:17:12.000+0000,SOPORTE TECHNOVALUE,992
OrderTriggerHandler,2025-07-10T14:45:48.000+0000,CAMBALACHE,2026-08-12T04:17:12.000+0000,SOPORTE TECHNOVALUE,637
WarehouseDefaultHelperTest,2026-08-12T04:17:12.000+0000,SOPORTE TECHNOVALUE,2026-08-12T04:17:12.000+0000,SOPORTE TECHNOVALUE,2737
PricebookSequentialInvocableTest,2025-09-04T19:23:25.000+0000,CAMBALACHE,2025-09-04T19:57:01.000+0000,CAMBALACHE,9995
PricebookSequentialInvocable,2025-09-03T19:26:21.000+0000,CAMBALACHE,2025-09-03T19:46:30.000+0000,CAMBALACHE,3028
ZafiroAuthManager,2025-01-29T12:34:29.000+0000,CAMBALACHE,2025-09-01T19:56:55.000+0000,CAMBALACHE,5048
CrearPedidoEnZafiroTest,2025-03-10T21:45:43.000+0000,CAMBALACHE,2025-09-01T19:55:30.000+0000,CAMBALACHE,1416
ZafiroAuthManagerTest,2025-03-10T22:26:17.000+0000,CAMBALACHE,2025-09-01T18:29:51.000+0000,CAMBALACHE,4221
QuoteLineItemClonerTest,2025-06-25T23:46:53.000+0000,CAMBALACHE,2025-09-01T15:13:22.000+0000,CAMBALACHE,16132
UpdateExistenciasTest,2025-06-11T16:07:20.000+0000,CAMBALACHE,2025-08-12T21:01:45.000+0000,CAMBALACHE,6754
UpdateExistencias,2025-06-02T13:13:06.000+0000,CAMBALACHE,2025-08-12T20:55:57.000+0000,CAMBALACHE,4973
OrderItemTriggerHandler,2025-07-10T14:45:58.000+0000,CAMBALACHE,2025-07-31T02:12:03.000+0000,CAMBALACHE,591
ObtenerExistenciasTest,2025-03-11T12:30:55.000+0000,CAMBALACHE,2025-07-31T02:08:08.000+0000,CAMBALACHE,4857
OrderTriggerHandlerTest,2025-07-28T23:54:27.000+0000,CAMBALACHE,2025-07-29T00:33:52.000+0000,CAMBALACHE,2072
OrderItemTriggerHandlerTest,2025-07-28T23:47:04.000+0000,CAMBALACHE,2025-07-29T00:32:25.000+0000,CAMBALACHE,2165
QuoteLineItemTriggerHandlerTest,2025-07-28T23:58:02.000+0000,CAMBALACHE,2025-07-28T23:58:19.000+0000,CAMBALACHE,2330
QuoteTriggerHandlerTest,2025-07-28T23:57:01.000+0000,CAMBALACHE,2025-07-28T23:57:07.000+0000,CAMBALACHE,2276
ObtenerExistencias,2025-01-29T12:34:29.000+0000,CAMBALACHE,2025-07-28T16:56:24.000+0000,CAMBALACHE,4795
QuoteLineItemTriggerHandler,2025-07-10T14:45:06.000+0000,CAMBALACHE,2025-07-11T13:47:07.000+0000,CAMBALACHE,1175
SearchIndividualProductController,2025-05-28T14:27:41.000+0000,CAMBALACHE,2025-07-02T15:39:31.000+0000,CAMBALACHE,6916
OrderItemClonerTest,2025-06-26T02:22:34.000+0000,CAMBALACHE,2025-06-26T03:29:45.000+0000,CAMBALACHE,7478
UIThemeControllerTest,2025-06-19T16:41:34.000+0000,CAMBALACHE,2025-06-19T16:41:34.000+0000,CAMBALACHE,527
UIThemeController,2025-06-19T16:41:33.000+0000,CAMBALACHE,2025-06-19T16:41:33.000+0000,CAMBALACHE,797
DummyClass,2025-05-27T20:30:47.000+0000,CAMBALACHE,2025-05-28T16:12:53.000+0000,CAMBALACHE,603
DummyClassTest,2025-05-27T20:30:47.000+0000,CAMBALACHE,2025-05-28T16:12:53.000+0000,CAMBALACHE,445
SearchIndividualProductControllerTest,2025-05-28T15:18:30.000+0000,CAMBALACHE,2025-05-28T15:18:30.000+0000,CAMBALACHE,55
ActualizarEstatusVentaZafiroTest,2025-03-31T13:08:22.000+0000,CAMBALACHE,2025-05-07T20:38:33.000+0000,CAMBALACHE,908
ActualizarEstatusVentaZafiro,2025-03-21T13:39:56.000+0000,CAMBALACHE,2025-05-07T20:38:33.000+0000,CAMBALACHE,2278
OrderPDFControllerTest,2025-05-06T22:29:10.000+0000,CAMBALACHE,2025-05-06T23:19:13.000+0000,CAMBALACHE,1478
ObtenerAntiguedadSaldos,2025-03-19T17:30:22.000+0000,CAMBALACHE,2025-05-05T13:54:29.000+0000,CAMBALACHE,1808
ObtenerAntiguedadSaldosTest,2025-04-21T13:46:22.000+0000,CAMBALACHE,2025-04-21T13:58:47.000+0000,CAMBALACHE,856
MockHttpResponseGenerator,2025-03-10T21:36:46.000+0000,CAMBALACHE,2025-03-31T14:08:26.000+0000,CAMBALACHE,4678
CrearClienteEnZafiroTest,2025-03-10T21:33:26.000+0000,CAMBALACHE,2025-03-11T01:55:13.000+0000,CAMBALACHE,2434
UpdateContentNoteTest,2025-03-10T22:11:44.000+0000,CAMBALACHE,2025-03-10T22:24:43.000+0000,CAMBALACHE,1849
TestDataFactory,2025-03-10T21:46:52.000+0000,CAMBALACHE,2025-03-10T22:07:15.000+0000,CAMBALACHE,3024
GenerateQuotePDFDocument,2025-01-29T12:32:06.000+0000,CAMBALACHE,2025-03-10T19:59:52.000+0000,CAMBALACHE,1966
GenerateQuotePDFDocumentTest,2025-01-29T12:32:06.000+0000,CAMBALACHE,2025-03-10T19:59:52.000+0000,CAMBALACHE,1416
CrearClienteEnZafiro,2025-01-29T12:34:28.000+0000,CAMBALACHE,2025-01-29T12:55:43.000+0000,CAMBALACHE,3623
TriggerHandler,2025-01-29T12:30:50.000+0000,CAMBALACHE,2025-01-29T12:47:42.000+0000,CAMBALACHE,5509
TriggerHandler_Test,2025-01-29T12:47:42.000+0000,CAMBALACHE,2025-01-29T12:47:42.000+0000,CAMBALACHE,7234
ProductTriggerHandler,2025-01-29T12:30:50.000+0000,CAMBALACHE,2025-01-29T12:30:50.000+0000,CAMBALACHE,1113
