Id,Name,Usar_Direccion_de_Facturacion__c,ListadePrecio__c,ShippingStreet,ShippingCity,ShippingState,ShippingPostalCode,ShippingCountry
001WD00000LSb29YAD,Mangueras y Conexiones la Maquinita,false,01sWD000000Tl5PYAS,,,,,
001WD00000LbTNCYA3,Grupo Melco,false,01sWD000000Tl5PYAS,,,,,
001WD00000LbjlHYAR,JBajio HIDRAULIX,false,01sWD000000Tl5PYAS,,,,,
001WD00000LbrAvYAJ,Mangueras y conexiones Cano,false,01sWD000000Tl5PYAS,,,,,
001WD00000LbsYTYAZ,Refacciones Efraín,false,01sWD000000Tl5PYAS,,,,,
001WD00000LpalKYAR,Grúas Uruapan,false,01sWD000000Tl5PYAS,,,,,
001WD00000LpvPxYAJ,Hidráulics Uruapan,false,01sWD000000Tl5PYAS,,,,,
001WD00000LssHGYAZ,Macomich,false,01sWD000000Tl5PYAS,,,,,
001WD00000Lsv2FYAR,Orbhi,false,01sWD000000Tl5PYAS,,,,,
001WD00000Lt7rBYAR,Rebamisa,false,01sWD000000Tl5PYAS,,,,,
001WD00000Lt8C9YAJ,Orbhi,false,01sWD000000Tl5PYAS,,,,,
001WD00000Lt8X7YAJ,Rodyma,false,01sWD000000Tl5PYAS,,,,,
001WD00000OAadvYAD,Erik Montoya,false,01sWD000000Tl5PYAS,,,,,
001WD00000gUGSHYA4,Idem 2026,false,01sWD000000Tl5PYAS,,,,,
