Title,FolderName,CreatedDate,CreatedBy.Name,LastModifiedDate,LastModifiedBy.Name
Agent Supervisor Overview,Tableros de Contact Center,2024-06-26T16:36:24.000+0000,Ana Maria Ruiz,2025-06-23T15:03:14.000+0000,CAMBALACHE
Maco - Objetivos Visitas,Maco,2024-12-17T22:41:41.000+0000,CAMBALACHE,2024-12-17T22:44:58.000+0000,CAMBALACHE
visita cliente Smp,visitas SMP,2024-07-16T22:04:47.000+0000,Ana Maria Ruiz,2024-07-16T22:04:47.000+0000,Ana Maria Ruiz
Sales Manager Dashboard,Sales and Marketing Dashboards,2024-06-26T16:36:24.000+0000,Ana Maria Ruiz,2024-06-26T16:36:24.000+0000,Ana Maria Ruiz
Sales Manager: Key Metrics,Preconfigured Sales Cloud Dashboards,2024-06-26T16:36:24.000+0000,Ana Maria Ruiz,2024-06-26T16:36:24.000+0000,Ana Maria Ruiz
Sales Representative: Clean Your Room,Preconfigured Sales Cloud Dashboards,2024-06-26T16:36:24.000+0000,Ana Maria Ruiz,2024-06-26T16:36:24.000+0000,Ana Maria Ruiz
Key Performance Indicators,Preconfigured Sales Cloud Dashboards,2024-06-26T16:36:24.000+0000,Ana Maria Ruiz,2024-06-26T16:36:24.000+0000,Ana Maria Ruiz
Executive Sponsor: Key Metrics,Preconfigured Sales Cloud Dashboards,2024-06-26T16:36:24.000+0000,Ana Maria Ruiz,2024-06-26T16:36:24.000+0000,Ana Maria Ruiz
Sales Engagement Sample Dashboard,Sales Engagement Sample Dashboards,2024-06-26T16:36:24.000+0000,Automated Process,2024-06-26T16:36:24.000+0000,Automated Process
Adoption Dashboard,Sales and Marketing Dashboards,2024-06-26T16:36:24.000+0000,Ana Maria Ruiz,2024-06-26T16:36:24.000+0000,Ana Maria Ruiz
Service Executive Overview,Tableros de Contact Center,2024-06-26T16:36:24.000+0000,Ana Maria Ruiz,2024-06-26T16:36:24.000+0000,Ana Maria Ruiz
Service KPIs,Tableros de Contact Center,2024-06-26T16:36:24.000+0000,Ana Maria Ruiz,2024-06-26T16:36:24.000+0000,Ana Maria Ruiz
Marketing Dashboard,Sales and Marketing Dashboards,2024-06-26T16:36:24.000+0000,Ana Maria Ruiz,2024-06-26T16:36:24.000+0000,Ana Maria Ruiz
