Id,Status,CreatedDate,CreatedBy.Name,CompletedDate,NumberComponentsDeployed,NumberComponentErrors
0AfWD00000GojaF0AR,Succeeded,2026-09-21T17:15:09.000+0000,SOPORTE TECHNOVALUE,2026-09-21T17:15:20.000+0000,1,0
0AfWD00000GoDNS0A3,Failed,2026-09-21T17:05:23.000+0000,SOPORTE TECHNOVALUE,2026-09-21T17:05:23.000+0000,0,1
0AfWD00000GolKH0AZ,Succeeded,2026-09-21T16:56:36.000+0000,SOPORTE TECHNOVALUE,2026-09-21T16:56:37.000+0000,1,0
0AfWD00000GokHm0AJ,Succeeded,2026-09-21T16:56:36.000+0000,SOPORTE TECHNOVALUE,2026-09-21T16:56:37.000+0000,1,0
0AfWD00000Glf1h0AB,Succeeded,2026-09-18T19:08:19.000+0000,Rodrigo Fernandez,2026-09-18T19:08:20.000+0000,1,0
0AfWD00000Gjz690AB,Succeeded,2026-09-17T22:21:29.000+0000,SOPORTE TECHNOVALUE,2026-09-17T22:21:32.000+0000,1,0
0AfWD00000Gjsiz0AB,Succeeded,2026-09-17T20:51:14.000+0000,Rodrigo Fernandez,2026-09-17T20:51:15.000+0000,1,0
0AfWD00000GjnRZ0AZ,Succeeded,2026-09-17T19:50:49.000+0000,SOPORTE TECHNOVALUE,2026-09-17T19:50:50.000+0000,1,0
0AfWD00000GjNvK0AV,Succeeded,2026-09-17T17:08:29.000+0000,SOPORTE TECHNOVALUE,2026-09-17T17:08:30.000+0000,1,0
0AfWD00000GjPIo0AN,Succeeded,2026-09-17T17:07:14.000+0000,SOPORTE TECHNOVALUE,2026-09-17T17:07:14.000+0000,1,0
0AfWD00000GjDJH0A3,Succeeded,2026-09-17T17:04:26.000+0000,SOPORTE TECHNOVALUE,2026-09-17T17:04:27.000+0000,1,0
0AfWD00000GjRsT0AV,Succeeded,2026-09-17T17:01:53.000+0000,SOPORTE TECHNOVALUE,2026-09-17T17:01:54.000+0000,1,0
0AfWD00000GjRhB0AV,Succeeded,2026-09-17T16:59:54.000+0000,SOPORTE TECHNOVALUE,2026-09-17T16:59:55.000+0000,1,0
0AfWD00000GjRFl0AN,Succeeded,2026-09-17T16:55:01.000+0000,SOPORTE TECHNOVALUE,2026-09-17T16:55:02.000+0000,1,0
0AfWD00000GjNdZ0AV,Succeeded,2026-09-17T16:16:35.000+0000,SOPORTE TECHNOVALUE,2026-09-17T16:16:36.000+0000,1,0
0AfWD00000GjNGz0AN,Succeeded,2026-09-17T16:15:18.000+0000,SOPORTE TECHNOVALUE,2026-09-17T16:15:19.000+0000,1,0
0AfWD00000GjNIb0AN,Succeeded,2026-09-17T16:15:18.000+0000,SOPORTE TECHNOVALUE,2026-09-17T16:15:20.000+0000,1,0
0AfWD00000GPfGT0A1,Succeeded,2026-09-05T01:31:48.000+0000,SOPORTE TECHNOVALUE,2026-09-05T01:31:48.000+0000,1,0
0AfWD00000GPfEr0AL,Succeeded,2026-09-05T01:31:31.000+0000,SOPORTE TECHNOVALUE,2026-09-05T01:31:32.000+0000,1,0
0AfWD00000GPe7V0AT,Succeeded,2026-09-05T00:57:24.000+0000,SOPORTE TECHNOVALUE,2026-09-05T00:57:24.000+0000,1,0
0AfWD00000GPe4H0AT,Succeeded,2026-09-05T00:54:06.000+0000,SOPORTE TECHNOVALUE,2026-09-05T00:54:07.000+0000,1,0
0AfWD00000GPe2f0AD,Succeeded,2026-09-05T00:53:49.000+0000,SOPORTE TECHNOVALUE,2026-09-05T00:53:50.000+0000,1,0
0AfWD00000GM37h0AD,Succeeded,2026-09-02T21:25:39.000+0000,SOPORTE TECHNOVALUE,2026-09-02T21:25:41.000+0000,1,0
0AfWD00000GLqdV0AT,Succeeded,2026-09-02T19:35:43.000+0000,SOPORTE TECHNOVALUE,2026-09-02T19:35:44.000+0000,1,0
0AfWD00000GLpr70AD,Succeeded,2026-09-02T19:29:10.000+0000,SOPORTE TECHNOVALUE,2026-09-02T19:29:11.000+0000,1,0
0AfWD00000GLmy50AD,Succeeded,2026-09-02T19:07:05.000+0000,SOPORTE TECHNOVALUE,2026-09-02T19:07:06.000+0000,1,0
0AfWD00000GLllt0AD,Succeeded,2026-09-02T18:56:40.000+0000,SOPORTE TECHNOVALUE,2026-09-02T18:56:41.000+0000,1,0
0AfWD00000GLify0AD,Succeeded,2026-09-02T18:50:45.000+0000,SOPORTE TECHNOVALUE,2026-09-02T18:50:46.000+0000,1,0
0AfWD00000GLkUr0AL,Succeeded,2026-09-02T18:45:55.000+0000,SOPORTE TECHNOVALUE,2026-09-02T18:45:56.000+0000,1,0
0AfWD00000GLdWc0AL,Succeeded,2026-09-02T18:23:14.000+0000,SOPORTE TECHNOVALUE,2026-09-02T18:23:15.000+0000,1,0
0AfWD00000GLYbo0AH,Succeeded,2026-09-02T18:22:16.000+0000,SOPORTE TECHNOVALUE,2026-09-02T18:22:19.000+0000,2,0
0AfWD00000GLaFN0A1,Succeeded,2026-09-02T17:19:32.000+0000,SOPORTE TECHNOVALUE,2026-09-02T17:19:33.000+0000,1,0
0AfWD00000GLPQP0A5,Succeeded,2026-09-02T15:24:16.000+0000,SOPORTE TECHNOVALUE,2026-09-02T15:24:17.000+0000,1,0
0AfWD00000GLOJ40AP,Succeeded,2026-09-02T15:23:59.000+0000,SOPORTE TECHNOVALUE,2026-09-02T15:24:00.000+0000,1,0
