DeveloperName,MasterLabel,CreatedDate,CreatedBy.Name,LastModifiedDate,LastModifiedBy.Name
salesMacoSearch,salesMacoSearch,2025-01-29T12:47:37.000+0000,CAMBALACHE,2026-08-27T18:41:28.000+0000,SOPORTE TECHNOVALUE
ordersMacoLines,ordersMacoLines,2025-01-29T12:47:37.000+0000,CAMBALACHE,2026-08-27T18:41:27.000+0000,SOPORTE TECHNOVALUE
quotesMacoLines,quotesMacoLines,2025-01-29T12:47:37.000+0000,CAMBALACHE,2026-08-27T18:41:27.000+0000,SOPORTE TECHNOVALUE
searchIndividualProduct,searchIndividualProduct,2025-05-28T14:18:31.000+0000,CAMBALACHE,2026-08-27T04:32:35.000+0000,SOPORTE TECHNOVALUE
salesMacoModalSearch,salesMacoModalSearch,2025-01-29T12:47:37.000+0000,CAMBALACHE,2026-08-12T18:24:43.000+0000,SOPORTE TECHNOVALUE
orderQuoteQuickFilter,orderQuoteQuickFilter,2026-08-12T05:19:52.000+0000,SOPORTE TECHNOVALUE,2026-08-12T16:31:38.000+0000,SOPORTE TECHNOVALUE
orderQuoteDatatable,orderQuoteDatatable,2026-08-12T15:50:29.000+0000,SOPORTE TECHNOVALUE,2026-08-12T16:25:40.000+0000,SOPORTE TECHNOVALUE
pedidosCotizacionesQuickFilter,pedidosCotizacionesQuickFilter,2026-08-12T05:19:52.000+0000,SOPORTE TECHNOVALUE,2026-08-12T15:50:29.000+0000,SOPORTE TECHNOVALUE
salesMacoModalStock,salesMacoModalStock,2025-01-29T12:47:37.000+0000,CAMBALACHE,2025-07-08T18:08:17.000+0000,CAMBALACHE
fsc_screenFlow,Screen Flow (Base PAck),2025-06-19T17:04:15.000+0000,CAMBALACHE,2025-06-19T17:04:15.000+0000,CAMBALACHE
fsc_pickIcon,Pick an Icon,2025-06-19T17:04:15.000+0000,CAMBALACHE,2025-06-19T17:04:15.000+0000,CAMBALACHE
fsc_pickIconCpe,fsc_pickIconCpe,2025-06-19T17:04:15.000+0000,CAMBALACHE,2025-06-19T17:04:15.000+0000,CAMBALACHE
fsc_pickObjectAndField3,Pick Object And Field v3,2025-06-19T17:04:15.000+0000,CAMBALACHE,2025-06-19T17:04:15.000+0000,CAMBALACHE
fsc_pickObjectAndFieldUtils,Pick Object And Field Utils,2025-06-19T17:04:15.000+0000,CAMBALACHE,2025-06-19T17:04:15.000+0000,CAMBALACHE
fsc_quickChoiceCpe,Quick Choice Cpe,2025-06-19T17:04:15.000+0000,CAMBALACHE,2025-06-19T17:04:15.000+0000,CAMBALACHE
fsc_quickChoiceFSC,Quick Choice,2025-06-19T17:04:15.000+0000,CAMBALACHE,2025-06-19T17:04:15.000+0000,CAMBALACHE
fsc_reactiveConditionalVisibility,Reactive Conditional Visibility,2025-06-19T17:04:15.000+0000,CAMBALACHE,2025-06-19T17:04:15.000+0000,CAMBALACHE
fsc_searchableDataTable,fsc_searchableDataTable,2025-06-19T17:04:15.000+0000,CAMBALACHE,2025-06-19T17:04:15.000+0000,CAMBALACHE
fsc_sortingConfiguration3,Sorting Configuration,2025-06-19T17:04:15.000+0000,CAMBALACHE,2025-06-19T17:04:15.000+0000,CAMBALACHE
fsc_sortingConfigurationLine,fsc_sortingConfigurationLine,2025-06-19T17:04:15.000+0000,CAMBALACHE,2025-06-19T17:04:15.000+0000,CAMBALACHE
fsc_toastMessage,toastMessage,2025-06-19T17:04:15.000+0000,CAMBALACHE,2025-06-19T17:04:15.000+0000,CAMBALACHE
fsc_transferMetadata3,Transfer Metadata,2025-06-19T17:04:15.000+0000,CAMBALACHE,2025-06-19T17:04:15.000+0000,CAMBALACHE
fsc_actionList3,fsc_actionList3,2025-06-19T17:04:15.000+0000,CAMBALACHE,2025-06-19T17:04:15.000+0000,CAMBALACHE
fsc_displayError,fsc_displayError,2025-06-19T17:04:15.000+0000,CAMBALACHE,2025-06-19T17:04:15.000+0000,CAMBALACHE
fsc_drawLine,Draw a Line,2025-06-19T17:04:15.000+0000,CAMBALACHE,2025-06-19T17:04:15.000+0000,CAMBALACHE
fsc_drawLineCPE,Draw Line CPE,2025-06-19T17:04:15.000+0000,CAMBALACHE,2025-06-19T17:04:15.000+0000,CAMBALACHE
fsc_dualListBox3,Dual List Box v3,2025-06-19T17:04:15.000+0000,CAMBALACHE,2025-06-19T17:04:15.000+0000,CAMBALACHE
fsc_dualListBoxCPE,Dual List Box Cpe,2025-06-19T17:04:15.000+0000,CAMBALACHE,2025-06-19T17:04:15.000+0000,CAMBALACHE
fsc_dualListBoxUtils,Dual List Box Utils,2025-06-19T17:04:15.000+0000,CAMBALACHE,2025-06-19T17:04:15.000+0000,CAMBALACHE
fsc_expressionBuilder3,ExpressionBuilder,2025-06-19T17:04:15.000+0000,CAMBALACHE,2025-06-19T17:04:15.000+0000,CAMBALACHE
fsc_expressionLine,expressionLine,2025-06-19T17:04:15.000+0000,CAMBALACHE,2025-06-19T17:04:15.000+0000,CAMBALACHE
fsc_extendedBaseDualListBox,Dual List Box,2025-06-19T17:04:15.000+0000,CAMBALACHE,2025-06-19T17:04:15.000+0000,CAMBALACHE
fsc_fieldSelector3,fsc_fieldSelector3,2025-06-19T17:04:15.000+0000,CAMBALACHE,2025-06-19T17:04:15.000+0000,CAMBALACHE
fsc_fieldViewer,fsc_fieldViewer,2025-06-19T17:04:15.000+0000,CAMBALACHE,2025-06-19T17:04:15.000+0000,CAMBALACHE
fsc_flexcardCPE,Flow Flex Card CPE,2025-06-19T17:04:15.000+0000,CAMBALACHE,2025-06-19T17:04:15.000+0000,CAMBALACHE
fsc_flexcardFlow,Flow Flex Cards,2025-06-19T17:04:15.000+0000,CAMBALACHE,2025-06-19T17:04:15.000+0000,CAMBALACHE
fsc_flexcardHeader,fsc_flexcardHeader,2025-06-19T17:04:15.000+0000,CAMBALACHE,2025-06-19T17:04:15.000+0000,CAMBALACHE
fsc_flowBanner,fsc_flowBanner,2025-06-19T17:04:15.000+0000,CAMBALACHE,2025-06-19T17:04:15.000+0000,CAMBALACHE
fsc_flowButtonBar,Flow Button Bar,2025-06-19T17:04:15.000+0000,CAMBALACHE,2025-06-19T17:04:15.000+0000,CAMBALACHE
fsc_flowButtonBarCPE,fsc_flowButtonBarCPE,2025-06-19T17:04:15.000+0000,CAMBALACHE,2025-06-19T17:04:15.000+0000,CAMBALACHE
fsc_flowCheckbox,fsc_flowCheckbox,2025-06-19T17:04:15.000+0000,CAMBALACHE,2025-06-19T17:04:15.000+0000,CAMBALACHE
fsc_flowCombobox,fsc_flowCombobox,2025-06-19T17:04:15.000+0000,CAMBALACHE,2025-06-19T17:04:15.000+0000,CAMBALACHE
fsc_flowComboboxUtils,Flow Combobox Utils,2025-06-19T17:04:15.000+0000,CAMBALACHE,2025-06-19T17:04:15.000+0000,CAMBALACHE
fsc_flowPicker3,Flow Picker,2025-06-19T17:04:15.000+0000,CAMBALACHE,2025-06-19T17:04:15.000+0000,CAMBALACHE
fsc_formulaBuilder3,FormulaBuilder,2025-06-19T17:04:15.000+0000,CAMBALACHE,2025-06-19T17:04:15.000+0000,CAMBALACHE
fsc_keyValuePairBuilderContainer,fsc_keyValuePairBuilderContainer,2025-06-19T17:04:15.000+0000,CAMBALACHE,2025-06-19T17:04:15.000+0000,CAMBALACHE
fsc_keyValuePairBuilderRow,fsc_keyValuePairBuilderRow,2025-06-19T17:04:15.000+0000,CAMBALACHE,2025-06-19T17:04:15.000+0000,CAMBALACHE
fsc_lookup_quickRecord,fsc_lookup_quickRecord,2025-06-19T17:04:15.000+0000,CAMBALACHE,2025-06-19T17:04:15.000+0000,CAMBALACHE
fsc_lwcLogger,fsc_lwcLogger,2025-06-19T17:04:15.000+0000,CAMBALACHE,2025-06-19T17:04:15.000+0000,CAMBALACHE
fsc_lwcModal,fsc_lwcModal,2025-06-19T17:04:15.000+0000,CAMBALACHE,2025-06-19T17:04:15.000+0000,CAMBALACHE
fsc_lwcModalUtil,fsc_lwcModalUtil,2025-06-19T17:04:15.000+0000,CAMBALACHE,2025-06-19T17:04:15.000+0000,CAMBALACHE
fsc_modalFlow,fsc_modalFlow,2025-06-19T17:04:15.000+0000,CAMBALACHE,2025-06-19T17:04:15.000+0000,CAMBALACHE
comprobantesDisplayTable,comprobantesDisplayTable,2025-02-26T23:59:45.000+0000,CAMBALACHE,2025-06-13T14:56:07.000+0000,CAMBALACHE
comprobantesDisplayTableModal,comprobantesDisplayTableModal,2025-02-27T00:07:14.000+0000,CAMBALACHE,2025-06-11T13:29:35.000+0000,CAMBALACHE
stockForProduct,stockForProduct,2025-05-07T12:53:30.000+0000,CAMBALACHE,2025-05-08T20:07:56.000+0000,CAMBALACHE
salesMacoSearchCarrito,salesMacoSearchCarrito,2025-03-07T23:13:49.000+0000,CAMBALACHE,2025-03-07T23:27:06.000+0000,CAMBALACHE
iniciarCotizacionButton,iniciarCotizacionButton,2025-01-29T12:47:37.000+0000,CAMBALACHE,2025-02-08T17:11:57.000+0000,CAMBALACHE
buttomQuoteInit,buttomQuoteInit,2025-02-08T16:59:37.000+0000,CAMBALACHE,2025-02-08T16:59:37.000+0000,CAMBALACHE
salesMacoModalReplace,salesMacoModalReplace,2025-01-29T12:47:37.000+0000,CAMBALACHE,2025-01-29T12:47:37.000+0000,CAMBALACHE
salesMacoModalEnsamble,salesMacoModalEnsamble,2025-01-29T12:47:37.000+0000,CAMBALACHE,2025-01-29T12:47:37.000+0000,CAMBALACHE
salesMacoLauncher,salesMacoLauncher,2025-01-29T12:47:37.000+0000,CAMBALACHE,2025-01-29T12:47:37.000+0000,CAMBALACHE
generarCotizacionFlowLwc,generarCotizacionFlowLwc,2025-01-29T12:47:37.000+0000,CAMBALACHE,2025-01-29T12:47:37.000+0000,CAMBALACHE
salesMacoEnsamble,salesMacoEnsamble,2025-01-29T12:47:37.000+0000,CAMBALACHE,2025-01-29T12:47:37.000+0000,CAMBALACHE
salesMacoReplace,salesMacoReplace,2025-01-29T12:47:37.000+0000,CAMBALACHE,2025-01-29T12:47:37.000+0000,CAMBALACHE
