DeveloperName,CreatedDate,CreatedBy.Name,LastModifiedDate,LastModifiedBy.Name
Warehouse_Default_By_Territory,2026-08-12T04:17:10.000+0000,SOPORTE TECHNOVALUE,2026-08-12T04:17:10.000+0000,SOPORTE TECHNOVALUE
MACO_Secuenciador,2025-09-03T19:04:51.000+0000,CAMBALACHE,2025-09-03T19:04:51.000+0000,CAMBALACHE
PermissionAssignmentEvent,2025-08-06T19:35:56.000+0000,CAMBALACHE,2025-08-06T19:50:28.000+0000,CAMBALACHE
Warehouse,2025-05-27T15:10:41.000+0000,CAMBALACHE,2025-07-24T22:27:03.000+0000,CAMBALACHE
FlowPersonalConfiguration,2025-06-19T17:04:18.000+0000,CAMBALACHE,2025-06-19T17:04:27.000+0000,CAMBALACHE
FlowTableViewDefinition,2025-06-19T17:04:18.000+0000,CAMBALACHE,2025-06-19T17:04:27.000+0000,CAMBALACHE
ProductWarehouse,2025-05-27T15:11:07.000+0000,CAMBALACHE,2025-06-11T13:54:32.000+0000,CAMBALACHE
Proveedores,2025-02-18T12:49:44.000+0000,CAMBALACHE,2025-02-18T12:49:44.000+0000,CAMBALACHE
Zafiro_Auth,2025-01-28T19:27:08.000+0000,CAMBALACHE,2025-01-28T19:27:08.000+0000,CAMBALACHE
Objetivos_de_Visita,2024-11-05T18:53:58.000+0000,CAMBALACHE,2024-12-17T15:30:20.000+0000,CAMBALACHE
Visita_Realizada_Cliente,2024-12-17T14:56:52.000+0000,CAMBALACHE,2024-12-17T15:30:20.000+0000,CAMBALACHE
In_App_Checklist_Settings,2024-06-26T16:36:24.000+0000,Ana Maria Ruiz,2024-06-26T16:36:24.000+0000,Ana Maria Ruiz
Opportunity,2024-06-26T16:36:24.000+0000,Automated Process,2024-06-26T16:36:24.000+0000,Automated Process
ForecastingItem,2024-06-26T16:36:24.000+0000,Ana Maria Ruiz,2024-06-26T16:36:24.000+0000,Ana Maria Ruiz
