Name,FolderName,Format,CreatedDate,CreatedBy.Name,LastModifiedDate,LastModifiedBy.Name,LastRunDate
Casos Cerrados - Mes Actual,Reportes de Contact Center,Summary,2024-06-26T16:36:24.000+0000,Ana Maria Ruiz,2025-06-23T15:30:38.000+0000,CAMBALACHE,2025-06-23T17:37:02.000+0000
Tiempo de Resolución Promedio por Origen,Reportes de Contact Center,Summary,2024-06-26T16:36:24.000+0000,Ana Maria Ruiz,2025-06-23T15:30:15.000+0000,CAMBALACHE,2025-06-23T15:30:21.000+0000
Tiempo de Resolución Promedio por Agente,Reportes de Contact Center,Summary,2024-06-26T16:36:24.000+0000,Ana Maria Ruiz,2025-06-23T15:29:47.000+0000,CAMBALACHE,2025-06-23T17:37:02.000+0000
Tiempo de Resolución Promedio Mes Actual,Reportes de Contact Center,Summary,2024-06-26T16:36:24.000+0000,Ana Maria Ruiz,2025-06-23T15:29:19.000+0000,CAMBALACHE,2025-06-23T17:37:02.000+0000
Tiempo de Resolución Promedio,Reportes de Contact Center,Summary,2024-06-26T16:36:24.000+0000,Ana Maria Ruiz,2025-06-23T15:28:41.000+0000,CAMBALACHE,2025-06-23T17:37:04.000+0000
Casos Creados - Mes Actual,Reportes de Contact Center,Summary,2024-06-26T16:36:24.000+0000,Ana Maria Ruiz,2025-06-23T15:22:43.000+0000,CAMBALACHE,2025-06-23T17:37:02.000+0000
Casos Abiertos,Reportes de Contact Center,Summary,2024-06-26T16:36:24.000+0000,Ana Maria Ruiz,2025-06-23T15:22:24.000+0000,CAMBALACHE,2025-06-23T17:39:06.000+0000
Casos Abiertos por Cuenta,Reportes de Contact Center,Summary,2024-06-26T16:36:24.000+0000,Ana Maria Ruiz,2025-06-23T15:22:03.000+0000,CAMBALACHE,2025-06-23T17:37:02.000+0000
Casos Cerrados por Agente - Mes Actual,Reportes de Contact Center,Summary,2024-06-26T16:36:24.000+0000,Ana Maria Ruiz,2025-06-23T15:21:35.000+0000,CAMBALACHE,2025-06-23T17:37:02.000+0000
Casos Abiertos por Origen,Reportes de Contact Center,Summary,2024-06-26T16:36:24.000+0000,Ana Maria Ruiz,2025-06-23T15:18:49.000+0000,CAMBALACHE,2025-06-23T15:18:52.000+0000
Casos Abiertos por Prioridad,Reportes de Contact Center,Summary,2024-06-26T16:36:24.000+0000,Ana Maria Ruiz,2025-06-23T15:18:20.000+0000,CAMBALACHE,2025-06-23T17:37:02.000+0000
Casos Abiertos por Tipo,Reportes de Contact Center,Summary,2024-06-26T16:36:24.000+0000,Ana Maria Ruiz,2025-06-23T15:17:49.000+0000,CAMBALACHE,2025-06-23T15:18:04.000+0000
Casos Abiertos por Agente,Reportes de Contact Center,Summary,2024-06-26T16:36:24.000+0000,Ana Maria Ruiz,2025-06-23T15:17:31.000+0000,CAMBALACHE,2025-06-23T17:37:02.000+0000
Tendencia de Tiempo de Resolución,Reportes de Contact Center,Summary,2024-06-26T16:36:24.000+0000,Ana Maria Ruiz,2025-06-23T15:17:06.000+0000,CAMBALACHE,2025-06-23T15:17:09.000+0000
Tendencia de Casos Cerrados,Reportes de Contact Center,Summary,2024-06-26T16:36:24.000+0000,Ana Maria Ruiz,2025-06-23T15:16:30.000+0000,CAMBALACHE,2025-06-23T15:16:33.000+0000
Casos por Prioridad,Reportes de Contact Center,Summary,2024-06-26T16:36:24.000+0000,Ana Maria Ruiz,2025-06-23T15:16:02.000+0000,CAMBALACHE,2025-06-23T15:16:05.000+0000
Casos por Origen,Reportes de Contact Center,Summary,2024-06-26T16:36:24.000+0000,Ana Maria Ruiz,2025-06-23T15:15:35.000+0000,CAMBALACHE,2025-06-23T15:15:38.000+0000
Edad de Caso por Agente,Reportes de Contact Center,Summary,2024-06-26T16:36:24.000+0000,Ana Maria Ruiz,2025-06-23T15:08:55.000+0000,CAMBALACHE,2025-06-23T17:37:02.000+0000
Edad de Casos por Cuenta,Reportes de Contact Center,Summary,2024-06-26T16:36:24.000+0000,Ana Maria Ruiz,2025-06-23T15:08:40.000+0000,CAMBALACHE,2025-08-11T18:38:05.000+0000
Edad de los Casos Abiertos por Tipo,Reportes de Contact Center,Summary,2024-06-26T16:36:24.000+0000,Ana Maria Ruiz,2025-06-23T15:08:23.000+0000,CAMBALACHE,2025-06-23T17:37:02.000+0000
Tendencia de Casos Creados,Reportes de Contact Center,Summary,2024-06-26T16:36:24.000+0000,Ana Maria Ruiz,2025-06-23T15:07:57.000+0000,CAMBALACHE,2025-06-23T15:08:00.000+0000
Casos Actualmente Abiertos por Tipo,Reportes de Contact Center,Summary,2024-06-26T16:36:24.000+0000,Ana Maria Ruiz,2025-06-23T15:07:15.000+0000,CAMBALACHE,2025-06-23T17:37:02.000+0000
Top 10 Casos por Edad,Reportes de Contact Center,Summary,2024-06-26T16:36:24.000+0000,Ana Maria Ruiz,2025-06-23T15:06:52.000+0000,CAMBALACHE,2025-06-23T17:37:02.000+0000
Casos Abiertos de Alta Prioridad,Reportes de Contact Center,Summary,2024-06-26T16:36:24.000+0000,Ana Maria Ruiz,2025-06-23T15:06:17.000+0000,CAMBALACHE,2025-06-23T17:37:02.000+0000
Casos por Origen y Estado Abierto,Reportes de Contact Center,Summary,2024-06-26T16:36:24.000+0000,Ana Maria Ruiz,2025-06-23T15:05:28.000+0000,CAMBALACHE,2025-06-23T17:46:12.000+0000
Copy of Pricebook Entries list,Public Reports,Summary,2025-04-11T19:44:15.000+0000,CAMBALACHE,2025-04-11T19:44:15.000+0000,CAMBALACHE,2025-04-12T00:13:38.000+0000
Objetivos de Visitas - Visitas,Maco Reports,Summary,2024-12-17T20:12:19.000+0000,CAMBALACHE,2025-02-14T14:32:27.000+0000,CAMBALACHE,2025-08-07T19:29:42.000+0000
SM: Closed Won Opportunities This QT,Getting Started - Sales Manager,Summary,2024-06-26T16:36:24.000+0000,Ana Maria Ruiz,2024-06-26T16:36:24.000+0000,Ana Maria Ruiz,2025-01-29T17:11:33.000+0000
SM: Open Opportunities in the Pipeline,Getting Started - Sales Manager,Summary,2024-06-26T16:36:24.000+0000,Ana Maria Ruiz,2024-06-26T16:36:24.000+0000,Ana Maria Ruiz,2025-01-29T17:11:34.000+0000
SM: Win Ratio Current FY,Getting Started - Sales Manager,Summary,2024-06-26T16:36:24.000+0000,Ana Maria Ruiz,2024-06-26T16:36:24.000+0000,Ana Maria Ruiz,2025-01-29T17:11:34.000+0000
SR: Top Accounts by Revenue Amt,Getting Started - Sales Representative,Summary,2024-06-26T16:36:24.000+0000,Ana Maria Ruiz,2024-06-26T16:36:24.000+0000,Ana Maria Ruiz,2021-02-03T16:46:47.000+0000
SR: Activities Past Due on Opportunities,Getting Started - Sales Representative,Matrix,2024-06-26T16:36:24.000+0000,Ana Maria Ruiz,2024-06-26T16:36:24.000+0000,Ana Maria Ruiz,
SR: Closed Won Opportunities By FY/Month,Getting Started - Sales Representative,Matrix,2024-06-26T16:36:24.000+0000,Ana Maria Ruiz,2024-06-26T16:36:24.000+0000,Ana Maria Ruiz,2021-02-03T16:46:47.000+0000
SR: Closed Won Opportunities MTD,Getting Started - Sales Representative,Matrix,2024-06-26T16:36:24.000+0000,Ana Maria Ruiz,2024-06-26T16:36:24.000+0000,Ana Maria Ruiz,2021-02-03T16:46:48.000+0000
SR: Closed Won Oppty This QT,Getting Started - Sales Representative,Summary,2024-06-26T16:36:24.000+0000,Ana Maria Ruiz,2024-06-26T16:36:24.000+0000,Ana Maria Ruiz,2021-02-03T16:46:47.000+0000
SR: Neglected Accounts,Getting Started - Sales Representative,Summary,2024-06-26T16:36:24.000+0000,Ana Maria Ruiz,2024-06-26T16:36:24.000+0000,Ana Maria Ruiz,2021-02-03T16:46:47.000+0000
SR: Open Opportunities in the Pipeline,Getting Started - Sales Representative,Summary,2024-06-26T16:36:24.000+0000,Ana Maria Ruiz,2024-06-26T16:36:24.000+0000,Ana Maria Ruiz,2021-02-03T16:46:47.000+0000
SR: Stuck Opportunities Report,Getting Started - Sales Representative,Matrix,2024-06-26T16:36:24.000+0000,Ana Maria Ruiz,2024-06-26T16:36:24.000+0000,Ana Maria Ruiz,2021-02-03T16:46:47.000+0000
Sales Manager Activities,Dashboard Reports - Adoption,Matrix,2024-06-26T16:36:24.000+0000,Ana Maria Ruiz,2024-06-26T16:36:24.000+0000,Ana Maria Ruiz,2015-08-07T16:11:21.000+0000
Activities by Salesperson,Sales and Marketing Reports,Matrix,2024-06-26T16:36:24.000+0000,Ana Maria Ruiz,2024-06-26T16:36:24.000+0000,Ana Maria Ruiz,2015-08-07T16:11:22.000+0000
Marketing Exec Campaign ROI by Camp Type,Sales and Marketing Reports,Summary,2024-06-26T16:36:24.000+0000,Ana Maria Ruiz,2024-06-26T16:36:24.000+0000,Ana Maria Ruiz,2015-08-04T04:36:00.000+0000
Marketing Exec Campaigns by ROI,Sales and Marketing Reports,Summary,2024-06-26T16:36:24.000+0000,Ana Maria Ruiz,2024-06-26T16:36:24.000+0000,Ana Maria Ruiz,2015-08-04T04:36:00.000+0000
Sales Manager Leader Board,Sales and Marketing Reports,Summary,2024-06-26T16:36:24.000+0000,Ana Maria Ruiz,2024-06-26T16:36:24.000+0000,Ana Maria Ruiz,2015-08-07T16:11:22.000+0000
Sales Manager Top Closed Deals,Sales and Marketing Reports,Summary,2024-06-26T16:36:24.000+0000,Ana Maria Ruiz,2024-06-26T16:36:24.000+0000,Ana Maria Ruiz,2015-08-07T16:11:22.000+0000
Marketing Exec Leads by Industry,Sales and Marketing Reports,Summary,2024-06-26T16:36:24.000+0000,Ana Maria Ruiz,2024-06-26T16:36:24.000+0000,Ana Maria Ruiz,2015-08-04T04:36:00.000+0000
Marketing Exec Amount per Camp,Sales and Marketing Reports,Summary,2024-06-26T16:36:24.000+0000,Ana Maria Ruiz,2024-06-26T16:36:24.000+0000,Ana Maria Ruiz,2015-08-04T04:36:00.000+0000
Marketing Exec Conversion Rate,Sales and Marketing Reports,Summary,2024-06-26T16:36:24.000+0000,Ana Maria Ruiz,2024-06-26T16:36:24.000+0000,Ana Maria Ruiz,2015-08-04T04:39:07.000+0000
Marketing Exec Converted Amount,Sales and Marketing Reports,Summary,2024-06-26T16:36:24.000+0000,Ana Maria Ruiz,2024-06-26T16:36:24.000+0000,Ana Maria Ruiz,2015-08-04T04:36:00.000+0000
Marketing Exec Converted and Won Amount,Sales and Marketing Reports,Summary,2024-06-26T16:36:24.000+0000,Ana Maria Ruiz,2024-06-26T16:36:24.000+0000,Ana Maria Ruiz,2015-08-04T04:36:02.000+0000
Marketing Exec Converted by Month,Sales and Marketing Reports,Summary,2024-06-26T16:36:24.000+0000,Ana Maria Ruiz,2024-06-26T16:36:24.000+0000,Ana Maria Ruiz,2015-08-04T04:36:02.000+0000
Marketing Exec Lead Trends by Status,Sales and Marketing Reports,Matrix,2024-06-26T16:36:24.000+0000,Ana Maria Ruiz,2024-06-26T16:36:24.000+0000,Ana Maria Ruiz,2015-08-04T04:36:02.000+0000
Marketing Exec Leads Converted,Sales and Marketing Reports,Matrix,2024-06-26T16:36:24.000+0000,Ana Maria Ruiz,2024-06-26T16:36:24.000+0000,Ana Maria Ruiz,2015-08-04T04:36:02.000+0000
Marketing Exec Leads by Campaigns,Sales and Marketing Reports,Summary,2024-06-26T16:36:24.000+0000,Ana Maria Ruiz,2024-06-26T16:36:24.000+0000,Ana Maria Ruiz,2015-08-04T04:36:02.000+0000
Marketing Exec # of Leads,Sales and Marketing Reports,Matrix,2024-06-26T16:36:24.000+0000,Ana Maria Ruiz,2024-06-26T16:36:24.000+0000,Ana Maria Ruiz,2015-08-04T04:36:02.000+0000
Sales Exec Opportunity Product Pipeline,Sales and Marketing Reports,Matrix,2024-06-26T16:36:24.000+0000,Ana Maria Ruiz,2024-06-26T16:36:24.000+0000,Ana Maria Ruiz,2015-08-03T22:14:39.000+0000
Sales Person Current Month Open Pipeline,Sales and Marketing Reports,Summary,2024-06-26T16:36:24.000+0000,Ana Maria Ruiz,2024-06-26T16:36:24.000+0000,Ana Maria Ruiz,2015-08-04T04:49:19.000+0000
Sales Exec Closed Deals by Owner,Sales and Marketing Reports,Matrix,2024-06-26T16:36:24.000+0000,Ana Maria Ruiz,2024-06-26T16:36:24.000+0000,Ana Maria Ruiz,2015-08-03T22:14:39.000+0000
Sales Exec Bookings Trend,Sales and Marketing Reports,Matrix,2024-06-26T16:36:24.000+0000,Ana Maria Ruiz,2024-06-26T16:36:24.000+0000,Ana Maria Ruiz,2015-08-04T04:46:00.000+0000
Sales Exec Closed Deals QTD,Sales and Marketing Reports,Summary,2024-06-26T16:36:24.000+0000,Ana Maria Ruiz,2024-06-26T16:36:24.000+0000,Ana Maria Ruiz,2015-08-03T22:14:39.000+0000
Sales Exec Lost Deals,Sales and Marketing Reports,Matrix,2024-06-26T16:36:24.000+0000,Ana Maria Ruiz,2024-06-26T16:36:24.000+0000,Ana Maria Ruiz,2015-08-03T22:14:39.000+0000
Sales Exec Open Deals,Sales and Marketing Reports,Summary,2024-06-26T16:36:24.000+0000,Ana Maria Ruiz,2024-06-26T16:36:24.000+0000,Ana Maria Ruiz,2015-08-03T22:14:39.000+0000
Sales Exec Open Pipeline next 90 days,Sales and Marketing Reports,Summary,2024-06-26T16:36:24.000+0000,Ana Maria Ruiz,2024-06-26T16:36:24.000+0000,Ana Maria Ruiz,2015-08-03T22:14:39.000+0000
Sales Exec Top Closed Deals,Sales and Marketing Reports,Summary,2024-06-26T16:36:24.000+0000,Ana Maria Ruiz,2024-06-26T16:36:24.000+0000,Ana Maria Ruiz,2015-08-03T22:14:39.000+0000
Sales Manager Open Opportunities,Sales and Marketing Reports,Summary,2024-06-26T16:36:24.000+0000,Ana Maria Ruiz,2024-06-26T16:36:24.000+0000,Ana Maria Ruiz,2015-08-07T16:11:22.000+0000
Sales Manager Open Pipeline,Sales and Marketing Reports,Summary,2024-06-26T16:36:24.000+0000,Ana Maria Ruiz,2024-06-26T16:36:24.000+0000,Ana Maria Ruiz,2015-08-07T16:11:23.000+0000
Sales Manager Pipeline Next 90 days,Sales and Marketing Reports,Summary,2024-06-26T16:36:24.000+0000,Ana Maria Ruiz,2024-06-26T16:36:24.000+0000,Ana Maria Ruiz,2015-08-07T16:11:23.000+0000
Sales Person All Activities,Sales and Marketing Reports,Matrix,2024-06-26T16:36:24.000+0000,Ana Maria Ruiz,2024-06-26T16:36:24.000+0000,Ana Maria Ruiz,2015-08-04T04:49:19.000+0000
Sales Person MTD Sales,Sales and Marketing Reports,Summary,2024-06-26T16:36:24.000+0000,Ana Maria Ruiz,2024-06-26T16:36:24.000+0000,Ana Maria Ruiz,2015-08-04T04:49:19.000+0000
Sales Person Open Pipeline by stage,Sales and Marketing Reports,Summary,2024-06-26T16:36:24.000+0000,Ana Maria Ruiz,2024-06-26T16:36:24.000+0000,Ana Maria Ruiz,2015-08-04T04:49:19.000+0000
Sample Report: Closed Sales,Public Reports,Matrix,2024-06-26T16:36:24.000+0000,Ana Maria Ruiz,2024-06-26T16:36:24.000+0000,Ana Maria Ruiz,2015-08-07T22:22:02.000+0000
Sample Report: Sales Pipeline by Stage,Public Reports,Matrix,2024-06-26T16:36:24.000+0000,Ana Maria Ruiz,2024-06-26T16:36:24.000+0000,Ana Maria Ruiz,2015-08-07T22:22:02.000+0000
Sample Report: Open Cases By Priority,Public Reports,Summary,2024-06-26T16:36:24.000+0000,Ana Maria Ruiz,2024-06-26T16:36:24.000+0000,Ana Maria Ruiz,2015-08-07T22:22:02.000+0000
Sample Report: Open Deals,Public Reports,Summary,2024-06-26T16:36:24.000+0000,Ana Maria Ruiz,2024-06-26T16:36:24.000+0000,Ana Maria Ruiz,2015-08-07T22:22:03.000+0000
Sample Report: Pipeline By Close Month,Public Reports,Matrix,2024-06-26T16:36:24.000+0000,Ana Maria Ruiz,2024-06-26T16:36:24.000+0000,Ana Maria Ruiz,2015-08-07T22:22:03.000+0000
Sample Report: Leads by Lead Source,Public Reports,Summary,2024-06-26T16:36:24.000+0000,Ana Maria Ruiz,2024-06-26T16:36:24.000+0000,Ana Maria Ruiz,2015-08-07T22:22:03.000+0000
Sample Report: Top Accounts,Public Reports,Summary,2024-06-26T16:36:24.000+0000,Ana Maria Ruiz,2024-06-26T16:36:24.000+0000,Ana Maria Ruiz,2015-08-07T22:22:03.000+0000
Sample Report: Cases Status by Rep,Public Reports,Matrix,2024-06-26T16:36:24.000+0000,Ana Maria Ruiz,2024-06-26T16:36:24.000+0000,Ana Maria Ruiz,2015-08-07T22:22:04.000+0000
Sample Report: Solutions Added,Public Reports,Matrix,2024-06-26T16:36:24.000+0000,Ana Maria Ruiz,2024-06-26T16:36:24.000+0000,Ana Maria Ruiz,2015-08-07T22:22:03.000+0000
Sample Report: Sales Leaderboard,Public Reports,Matrix,2024-06-26T16:36:24.000+0000,Ana Maria Ruiz,2024-06-26T16:36:24.000+0000,Ana Maria Ruiz,2015-08-07T22:22:04.000+0000
Sample Reports: Leads by Status,Public Reports,Matrix,2024-06-26T16:36:24.000+0000,Ana Maria Ruiz,2024-06-26T16:36:24.000+0000,Ana Maria Ruiz,2015-08-07T22:22:04.000+0000
Sample Report: Month to Date Trending,Public Reports,Matrix,2024-06-26T16:36:24.000+0000,Ana Maria Ruiz,2024-06-26T16:36:24.000+0000,Ana Maria Ruiz,2015-08-07T22:22:04.000+0000
Sample Report: Pipeline History,Public Reports,Matrix,2024-06-26T16:36:24.000+0000,Ana Maria Ruiz,2024-06-26T16:36:24.000+0000,Ana Maria Ruiz,2015-08-07T22:22:04.000+0000
Sample Report: # of Documents,Public Reports,Summary,2024-06-26T16:36:24.000+0000,Ana Maria Ruiz,2024-06-26T16:36:24.000+0000,Ana Maria Ruiz,2024-12-28T19:13:49.000+0000
Sample Report: # of Reports,Public Reports,Summary,2024-06-26T16:36:24.000+0000,Ana Maria Ruiz,2024-06-26T16:36:24.000+0000,Ana Maria Ruiz,2024-12-28T19:13:49.000+0000
Sample Report: Login Wall of Shame,Public Reports,Summary,2024-06-26T16:36:24.000+0000,Ana Maria Ruiz,2024-06-26T16:36:24.000+0000,Ana Maria Ruiz,2024-12-28T19:13:49.000+0000
Sample Report: # of Cases,Public Reports,Summary,2024-06-26T16:36:24.000+0000,Ana Maria Ruiz,2024-06-26T16:36:24.000+0000,Ana Maria Ruiz,2024-12-28T19:13:49.000+0000
Sample Report: # of Contacts,Public Reports,Summary,2024-06-26T16:36:24.000+0000,Ana Maria Ruiz,2024-06-26T16:36:24.000+0000,Ana Maria Ruiz,2024-12-28T19:13:49.000+0000
Sample Report: # of Solutions,Public Reports,Summary,2024-06-26T16:36:24.000+0000,Ana Maria Ruiz,2024-06-26T16:36:24.000+0000,Ana Maria Ruiz,2024-12-28T19:13:49.000+0000
Sample Report: # of Leads,Public Reports,Summary,2024-06-26T16:36:24.000+0000,Ana Maria Ruiz,2024-06-26T16:36:24.000+0000,Ana Maria Ruiz,2024-12-28T19:13:50.000+0000
Sample Report: Active Users,Public Reports,Summary,2024-06-26T16:36:24.000+0000,Ana Maria Ruiz,2024-06-26T16:36:24.000+0000,Ana Maria Ruiz,2024-12-28T19:13:49.000+0000
Sample Report: # of Tasks and Activities,Public Reports,Matrix,2024-06-26T16:36:24.000+0000,Ana Maria Ruiz,2024-06-26T16:36:24.000+0000,Ana Maria Ruiz,2024-12-28T19:13:49.000+0000
Sample Report: Last Modified By,Public Reports,Summary,2024-06-26T16:36:24.000+0000,Ana Maria Ruiz,2024-06-26T16:36:24.000+0000,Ana Maria Ruiz,2024-12-28T19:13:49.000+0000
Sample Report: # of Opportunities,Public Reports,Summary,2024-06-26T16:36:24.000+0000,Ana Maria Ruiz,2024-06-26T16:36:24.000+0000,Ana Maria Ruiz,2024-12-28T19:13:49.000+0000
Sample Report: Custom Reports by User,Public Reports,Summary,2024-06-26T16:36:24.000+0000,Ana Maria Ruiz,2024-06-26T16:36:24.000+0000,Ana Maria Ruiz,2024-12-28T19:13:49.000+0000
Sample Report: # of Open Tasks,Public Reports,Matrix,2024-06-26T16:36:24.000+0000,Ana Maria Ruiz,2024-06-26T16:36:24.000+0000,Ana Maria Ruiz,2024-12-28T19:13:49.000+0000
Sample Report: Login Leaderboard,Public Reports,Summary,2024-06-26T16:36:24.000+0000,Ana Maria Ruiz,2024-06-26T16:36:24.000+0000,Ana Maria Ruiz,2024-12-28T19:13:49.000+0000
Sample Report: Users Logged In,Public Reports,Summary,2024-06-26T16:36:24.000+0000,Ana Maria Ruiz,2024-06-26T16:36:24.000+0000,Ana Maria Ruiz,2024-12-28T19:13:49.000+0000
Sample Report: Completed Activities,Public Reports,Matrix,2024-06-26T16:36:24.000+0000,Ana Maria Ruiz,2024-06-26T16:36:24.000+0000,Ana Maria Ruiz,2024-12-28T19:13:49.000+0000
Sample Report: # of Accounts,Public Reports,Matrix,2024-06-26T16:36:24.000+0000,Ana Maria Ruiz,2024-06-26T16:36:24.000+0000,Ana Maria Ruiz,2026-02-13T18:51:42.000+0000
Sample Report: Document Library,Public Reports,Summary,2024-06-26T16:36:24.000+0000,Ana Maria Ruiz,2024-06-26T16:36:24.000+0000,Ana Maria Ruiz,
Opportunity Amount by Stage (Sample),Public Reports,Summary,2024-06-26T16:36:24.000+0000,Ana Maria Ruiz,2024-06-26T16:36:24.000+0000,Ana Maria Ruiz,2015-07-17T22:45:08.000+0000
Sales Manager Closed Deals,Sales and Marketing Reports,Matrix,2024-06-26T16:36:24.000+0000,Ana Maria Ruiz,2024-06-26T16:36:24.000+0000,Ana Maria Ruiz,2015-08-07T16:11:23.000+0000
Pipeline Report This Q,Sales & Marketing Dashboards Reports,Summary,2024-06-26T16:36:24.000+0000,Ana Maria Ruiz,2024-06-26T16:36:24.000+0000,Ana Maria Ruiz,2019-08-15T02:51:01.000+0000
Closed Won This Q by Type,Sales & Marketing Dashboards Reports,Summary,2024-06-26T16:36:24.000+0000,Ana Maria Ruiz,2024-06-26T16:36:24.000+0000,Ana Maria Ruiz,2019-08-15T02:51:01.000+0000
Closed Won + ≥80% This Q by Owner,Sales & Marketing Dashboards Reports,Summary,2024-06-26T16:36:24.000+0000,Ana Maria Ruiz,2024-06-26T16:36:24.000+0000,Ana Maria Ruiz,2019-08-15T02:51:01.000+0000
Closed Lost by Reason,Sales & Marketing Dashboards Reports,Summary,2024-06-26T16:36:24.000+0000,Ana Maria Ruiz,2024-06-26T16:36:24.000+0000,Ana Maria Ruiz,2019-08-15T02:51:01.000+0000
Open Oppties This Q - No Acti Last 96hrs,Sales & Marketing Dashboards Reports,Summary,2024-06-26T16:36:24.000+0000,Ana Maria Ruiz,2024-06-26T16:36:24.000+0000,Ana Maria Ruiz,2019-08-15T02:51:01.000+0000
Closed Won This Q by Owner,Sales & Marketing Dashboards Reports,Summary,2024-06-26T16:36:24.000+0000,Ana Maria Ruiz,2024-06-26T16:36:24.000+0000,Ana Maria Ruiz,2019-08-15T02:51:01.000+0000
Open Oppties This Q,Sales & Marketing Dashboards Reports,Summary,2024-06-26T16:36:24.000+0000,Ana Maria Ruiz,2024-06-26T16:36:24.000+0000,Ana Maria Ruiz,2019-08-15T02:51:01.000+0000
Win Ratio,Sales & Marketing Dashboards Reports,Summary,2024-06-26T16:36:24.000+0000,Ana Maria Ruiz,2024-06-26T16:36:24.000+0000,Ana Maria Ruiz,2019-08-15T02:51:01.000+0000
Closed Won by Type,Sales & Marketing Dashboards Reports,Summary,2024-06-26T16:36:24.000+0000,Ana Maria Ruiz,2024-06-26T16:36:24.000+0000,Ana Maria Ruiz,2019-08-15T02:51:01.000+0000
Leads Converted All Time,Sales & Marketing Dashboards Reports,Summary,2024-06-26T16:36:24.000+0000,Ana Maria Ruiz,2024-06-26T16:36:24.000+0000,Ana Maria Ruiz,2025-01-17T04:44:10.000+0000
Leads Converted by FQ,Sales & Marketing Dashboards Reports,Summary,2024-06-26T16:36:24.000+0000,Ana Maria Ruiz,2024-06-26T16:36:24.000+0000,Ana Maria Ruiz,2025-01-17T04:44:10.000+0000
Leads Created Current FQ,Sales & Marketing Dashboards Reports,Summary,2024-06-26T16:36:24.000+0000,Ana Maria Ruiz,2024-06-26T16:36:24.000+0000,Ana Maria Ruiz,2025-01-17T04:44:11.000+0000
Leads Converted Current FQ,Sales & Marketing Dashboards Reports,Summary,2024-06-26T16:36:24.000+0000,Ana Maria Ruiz,2024-06-26T16:36:24.000+0000,Ana Maria Ruiz,2025-01-17T04:44:11.000+0000
Conversion Rate,Sales & Marketing Dashboards Reports,Summary,2024-06-26T16:36:24.000+0000,Ana Maria Ruiz,2024-06-26T16:36:24.000+0000,Ana Maria Ruiz,2015-08-04T04:42:00.000+0000
Hot Leads w/o Activity >96 Hours,Sales & Marketing Dashboards Reports,Summary,2024-06-26T16:36:24.000+0000,Ana Maria Ruiz,2024-06-26T16:36:24.000+0000,Ana Maria Ruiz,2025-01-17T04:44:10.000+0000
Sample Flow Report: Screen Flows,Public Reports,Summary,2024-06-26T16:36:24.000+0000,Automated Process,2024-06-26T16:36:24.000+0000,Automated Process,
Cadence  Completion Reason Report,Sample Sales Reports,Matrix,2024-06-26T16:36:24.000+0000,Automated Process,2024-06-26T16:36:24.000+0000,Automated Process,
Lead Conversion Report,Sample Sales Reports,Matrix,2024-06-26T16:36:24.000+0000,Automated Process,2024-06-26T16:36:24.000+0000,Automated Process,
Call Activity Report,Sample Sales Reports,Matrix,2024-06-26T16:36:24.000+0000,Automated Process,2024-06-26T16:36:24.000+0000,Automated Process,
Cadence Engagement Report,Sample Sales Reports,Summary,2024-06-26T16:36:24.000+0000,Automated Process,2024-06-26T16:36:24.000+0000,Automated Process,
Cadence Steps with Monthly Metrics Repor,Sample Sales Reports,Summary,2024-06-26T16:36:24.000+0000,Automated Process,2024-06-26T16:36:24.000+0000,Automated Process,
Leads  with Monthly Engagements Report,Sample Sales Reports,Summary,2024-06-26T16:36:24.000+0000,Automated Process,2024-06-26T16:36:24.000+0000,Automated Process,
Leads with Daily Engagements Report,Sample Sales Reports,Summary,2024-06-26T16:36:24.000+0000,Automated Process,2024-06-26T16:36:24.000+0000,Automated Process,
Contacts with Monthly Engagements Report,Sample Sales Reports,Summary,2024-06-26T16:36:24.000+0000,Automated Process,2024-06-26T16:36:24.000+0000,Automated Process,
Contacts with Daily Engagements Report,Sample Sales Reports,Summary,2024-06-26T16:36:24.000+0000,Automated Process,2024-06-26T16:36:24.000+0000,Automated Process,
Users with Monthly Engagements Report,Sample Sales Reports,Summary,2024-06-26T16:36:24.000+0000,Automated Process,2024-06-26T16:36:24.000+0000,Automated Process,
Users with Daily Engagements Report,Sample Sales Reports,Summary,2024-06-26T16:36:24.000+0000,Automated Process,2024-06-26T16:36:24.000+0000,Automated Process,
Cadences and Completed Trackers,Sales Engagement Dashboard Reports,Matrix,2024-06-26T16:36:24.000+0000,Automated Process,2024-06-26T16:36:24.000+0000,Automated Process,2023-09-18T16:41:03.000+0000
Contact Engagement by Account,Sales Engagement Dashboard Reports,Summary,2024-06-26T16:36:24.000+0000,Automated Process,2024-06-26T16:36:24.000+0000,Automated Process,2023-09-18T16:41:03.000+0000
Engagement by Sales Rep and Month,Sales Engagement Dashboard Reports,Summary,2024-06-26T16:36:24.000+0000,Automated Process,2024-06-26T16:36:24.000+0000,Automated Process,2023-09-18T16:41:03.000+0000
Leads with Engagements by Day,Sales Engagement Dashboard Reports,Summary,2024-06-26T16:36:24.000+0000,Automated Process,2024-06-26T16:36:24.000+0000,Automated Process,2023-09-18T16:41:03.000+0000
Users with Engagements by Day,Sales Engagement Dashboard Reports,Summary,2024-06-26T16:36:24.000+0000,Automated Process,2024-06-26T16:36:24.000+0000,Automated Process,2023-09-18T16:41:09.000+0000
Cadence and Step Engagement,Sales Engagement Dashboard Reports,Summary,2024-06-26T16:36:24.000+0000,Automated Process,2024-06-26T16:36:24.000+0000,Automated Process,2023-09-18T16:41:03.000+0000
Call Script Engagement by Month,Sales Engagement Dashboard Reports,Summary,2024-06-26T16:36:24.000+0000,Automated Process,2024-06-26T16:36:24.000+0000,Automated Process,2023-09-18T16:41:03.000+0000
Email Template Engagement by Month,Sales Engagement Dashboard Reports,Summary,2024-06-26T16:36:24.000+0000,Automated Process,2024-06-26T16:36:24.000+0000,Automated Process,2023-09-18T16:41:03.000+0000
Leads Converted by Sales Rep,Sales Engagement Dashboard Reports,Summary,2024-06-26T16:36:24.000+0000,Automated Process,2024-06-26T16:36:24.000+0000,Automated Process,2023-09-18T16:41:03.000+0000
Lead Conversions by Cadence,Sales Engagement Dashboard Reports,Matrix,2024-06-26T16:36:24.000+0000,Automated Process,2024-06-26T16:36:24.000+0000,Automated Process,2023-09-18T16:41:03.000+0000
Leads with Cadence Trackers,Sales Engagement Dashboard Reports,Summary,2024-06-26T16:36:24.000+0000,Automated Process,2024-06-26T16:36:24.000+0000,Automated Process,2023-09-18T16:41:03.000+0000
Contacts with Cadence Trackers,Sales Engagement Dashboard Reports,Summary,2024-06-26T16:36:24.000+0000,Automated Process,2024-06-26T16:36:24.000+0000,Automated Process,2023-09-18T16:41:03.000+0000
SR: Top Open Opportunities,Getting Started - Sales Representative,Tabular,2024-06-26T16:36:24.000+0000,Ana Maria Ruiz,2024-06-26T16:36:24.000+0000,Ana Maria Ruiz,
Call Script Engagement Report,Sample Sales Reports,Summary,2024-06-26T16:36:24.000+0000,Automated Process,2024-06-26T16:36:24.000+0000,Automated Process,
Email Template Engagement Report,Sample Sales Reports,Summary,2024-06-26T16:36:24.000+0000,Automated Process,2024-06-26T16:36:24.000+0000,Automated Process,
Sample Report: Orchestration Runs,Public Reports,Tabular,2024-06-26T16:36:24.000+0000,Automated Process,2024-06-26T16:36:24.000+0000,Automated Process,
Sample Report: Orchestration Stage Runs,Public Reports,Tabular,2024-06-26T16:36:24.000+0000,Automated Process,2024-06-26T16:36:24.000+0000,Automated Process,
Sample Report: Orchestration Step Runs,Public Reports,Tabular,2024-06-26T16:36:24.000+0000,Automated Process,2024-06-26T16:36:24.000+0000,Automated Process,
Sample Report: Orchestration Work Items,Public Reports,Tabular,2024-06-26T16:36:24.000+0000,Automated Process,2024-06-26T16:36:24.000+0000,Automated Process,
Sample Report: Orchestration Run Logs,Public Reports,Tabular,2024-06-26T16:36:24.000+0000,Automated Process,2024-06-26T16:36:24.000+0000,Automated Process,
Sales Exec Pipeline,Sales and Marketing Reports,Summary,2024-06-26T16:36:24.000+0000,Ana Maria Ruiz,2024-06-26T16:36:24.000+0000,Ana Maria Ruiz,2025-09-11T03:15:13.000+0000
Sales Person Activity,Sales and Marketing Reports,Summary,2024-06-26T16:36:24.000+0000,Ana Maria Ruiz,2024-06-26T16:36:24.000+0000,Ana Maria Ruiz,2025-01-29T17:10:58.000+0000
Marketing Exec Leads by Source,Sales and Marketing Reports,Summary,2024-06-26T16:36:24.000+0000,Ana Maria Ruiz,2024-06-26T16:36:24.000+0000,Ana Maria Ruiz,2025-01-29T15:20:59.000+0000
ES: Average Deal Size,Getting Started - Executive Sponsor,Summary,2024-06-26T16:36:24.000+0000,Ana Maria Ruiz,2024-06-26T16:36:24.000+0000,Ana Maria Ruiz,2021-02-03T16:27:11.000+0000
ES: Closed Lost Opportunities FYTD,Getting Started - Executive Sponsor,Matrix,2024-06-26T16:36:24.000+0000,Ana Maria Ruiz,2024-06-26T16:36:24.000+0000,Ana Maria Ruiz,2021-02-03T16:27:11.000+0000
ES: Closed Won Opportunities By FY/Month,Getting Started - Executive Sponsor,Matrix,2024-06-26T16:36:24.000+0000,Ana Maria Ruiz,2024-06-26T16:36:24.000+0000,Ana Maria Ruiz,2021-02-03T16:27:11.000+0000
ES: Closed Won Opportunities By FY/QT,Getting Started - Executive Sponsor,Matrix,2024-06-26T16:36:24.000+0000,Ana Maria Ruiz,2024-06-26T16:36:24.000+0000,Ana Maria Ruiz,2021-02-03T16:27:13.000+0000
ES: FYTD Open Opportunities by Acct,Getting Started - Executive Sponsor,Matrix,2024-06-26T16:36:24.000+0000,Ana Maria Ruiz,2024-06-26T16:36:24.000+0000,Ana Maria Ruiz,2021-02-03T16:27:11.000+0000
ES: FYTD Won Opportunities by Acct,Getting Started - Executive Sponsor,Matrix,2024-06-26T16:36:24.000+0000,Ana Maria Ruiz,2024-06-26T16:36:24.000+0000,Ana Maria Ruiz,2021-02-03T16:27:11.000+0000
ES: Open Opportunities,Getting Started - Executive Sponsor,Summary,2024-06-26T16:36:24.000+0000,Ana Maria Ruiz,2024-06-26T16:36:24.000+0000,Ana Maria Ruiz,
ES: Open Opportunities in the Pipeline,Getting Started - Executive Sponsor,Summary,2024-06-26T16:36:24.000+0000,Ana Maria Ruiz,2024-06-26T16:36:24.000+0000,Ana Maria Ruiz,2021-02-03T16:27:11.000+0000
ES: Total Win Ratio,Getting Started - Executive Sponsor,Summary,2024-06-26T16:36:24.000+0000,Ana Maria Ruiz,2024-06-26T16:36:24.000+0000,Ana Maria Ruiz,2021-02-03T16:27:11.000+0000
KPI: Average Days to Close,Getting Started - Company KPI,Matrix,2024-06-26T16:36:24.000+0000,Ana Maria Ruiz,2024-06-26T16:36:24.000+0000,Ana Maria Ruiz,2025-01-29T17:07:05.000+0000
KPI: Average Deal Size,Getting Started - Company KPI,Summary,2024-06-26T16:36:24.000+0000,Ana Maria Ruiz,2024-06-26T16:36:24.000+0000,Ana Maria Ruiz,2025-01-29T17:07:05.000+0000
KPI: Closed Won Opptys By FY/Month,Getting Started - Company KPI,Matrix,2024-06-26T16:36:24.000+0000,Ana Maria Ruiz,2024-06-26T16:36:24.000+0000,Ana Maria Ruiz,2025-01-29T17:07:05.000+0000
KPI: Closed Won Opportunities By FY/QT,Getting Started - Company KPI,Summary,2024-06-26T16:36:24.000+0000,Ana Maria Ruiz,2024-06-26T16:36:24.000+0000,Ana Maria Ruiz,2025-01-29T17:07:05.000+0000
KPI: Open Opportunities in the Pipeline,Getting Started - Company KPI,Summary,2024-06-26T16:36:24.000+0000,Ana Maria Ruiz,2024-06-26T16:36:24.000+0000,Ana Maria Ruiz,2025-01-29T17:10:13.000+0000
KPI: Total Win Ratio,Getting Started - Company KPI,Summary,2024-06-26T16:36:24.000+0000,Ana Maria Ruiz,2024-06-26T16:36:24.000+0000,Ana Maria Ruiz,2025-01-29T17:07:05.000+0000
KPI: Closed Won and >=70% Prob Opptys,Getting Started - Company KPI,Matrix,2024-06-26T16:36:24.000+0000,Ana Maria Ruiz,2024-06-26T16:36:24.000+0000,Ana Maria Ruiz,2025-01-29T17:07:05.000+0000
SM: Closed Won Opptys This FY by Rep,Getting Started - Sales Manager,Matrix,2024-06-26T16:36:24.000+0000,Ana Maria Ruiz,2024-06-26T16:36:24.000+0000,Ana Maria Ruiz,2025-01-29T17:11:33.000+0000
SM: New Activities Leaderboard,Getting Started - Sales Manager,Matrix,2024-06-26T16:36:24.000+0000,Ana Maria Ruiz,2024-06-26T16:36:24.000+0000,Ana Maria Ruiz,2025-01-29T17:11:33.000+0000
SM: New Opportunities Leaderboard,Getting Started - Sales Manager,Summary,2024-06-26T16:36:24.000+0000,Ana Maria Ruiz,2024-06-26T16:36:24.000+0000,Ana Maria Ruiz,2025-01-29T17:11:36.000+0000
SM: Average Days to Close,Getting Started - Sales Manager,Matrix,2024-06-26T16:36:24.000+0000,Ana Maria Ruiz,2024-06-26T16:36:24.000+0000,Ana Maria Ruiz,2025-01-29T17:11:34.000+0000
SM: Average Deal Size,Getting Started - Sales Manager,Matrix,2024-06-26T16:36:24.000+0000,Ana Maria Ruiz,2024-06-26T16:36:24.000+0000,Ana Maria Ruiz,2025-01-29T17:11:33.000+0000
SM: Closed Won Opportunities By FY/Month,Getting Started - Sales Manager,Matrix,2024-06-26T16:36:24.000+0000,Ana Maria Ruiz,2024-06-26T16:36:24.000+0000,Ana Maria Ruiz,2025-01-29T17:11:34.000+0000
SM: Closed Won Opportunities This Month,Getting Started - Sales Manager,Summary,2024-06-26T16:36:24.000+0000,Ana Maria Ruiz,2024-06-26T16:36:24.000+0000,Ana Maria Ruiz,2025-01-29T17:11:33.000+0000
